{"cameraMode":{"drawMode":0,"name":"Shaded","section":"Shading Mode"},"sceneLighting":true,"audioPlay":false,"sceneViewState":{"m_AlwaysRefresh":false,"showFog":true,"showSkybox":true,"showFlares":true,"showImageEffects":true,"showParticleSystems":true,"showVisualEffectGraphs":true,"m_FxEnabled":true},"in2DMode":false,"pivot":{"x":-5.248398303985596,"y":-0.36814403533935549,"z":-0.5666275024414063},"rotation":{"x":0.003144020214676857,"y":0.9736146926879883,"z":-0.22777001559734345,"w":0.013437674380838871},"size":4.169308662414551,"orthographic":false}