{"cameraMode":{"drawMode":0,"name":"Shaded","section":"Shading Mode"},"sceneLighting":true,"audioPlay":false,"sceneViewState":{"m_AlwaysRefresh":false,"showFog":true,"showSkybox":true,"showFlares":true,"showImageEffects":true,"showParticleSystems":true,"showVisualEffectGraphs":true,"m_FxEnabled":true},"in2DMode":false,"pivot":{"x":1.1192864179611207,"y":12.802239418029786,"z":-9.240633010864258},"rotation":{"x":-0.5155882835388184,"y":0.16780045628547669,"z":-0.1037653386592865,"w":-0.8338013887405396},"size":0.39859750866889956,"orthographic":false}