{"cameraMode":{"drawMode":0,"name":"Shaded","section":"Shading Mode"},"sceneLighting":true,"audioPlay":false,"sceneViewState":{"m_AlwaysRefresh":false,"showFog":true,"showSkybox":true,"showFlares":true,"showImageEffects":true,"showParticleSystems":true,"showVisualEffectGraphs":true,"m_FxEnabled":true},"in2DMode":false,"pivot":{"x":3.270981788635254,"y":11.111625671386719,"z":-12.03111743927002},"rotation":{"x":-0.35180705785751345,"y":-0.06116092577576637,"z":0.023036856204271318,"w":-0.9337775111198425},"size":0.39859750866889956,"orthographic":false}