{"cameraMode":{"drawMode":0,"name":"Shaded","section":"Shading Mode"},"sceneLighting":true,"audioPlay":false,"sceneViewState":{"m_AlwaysRefresh":false,"showFog":true,"showSkybox":true,"showFlares":true,"showImageEffects":true,"showParticleSystems":true,"showVisualEffectGraphs":true,"m_FxEnabled":true},"in2DMode":false,"pivot":{"x":-3.313107490539551,"y":2.9926977157592775,"z":0.012495040893554688},"rotation":{"x":-0.19848132133483888,"y":-0.002355629811063409,"z":0.0004760859301313758,"w":-0.9800970554351807},"size":6.169155597686768,"orthographic":false}