{"cameraMode":{"drawMode":0,"name":"Shaded","section":"Shading Mode"},"sceneLighting":true,"audioPlay":false,"sceneViewState":{"m_AlwaysRefresh":false,"showFog":true,"showSkybox":true,"showFlares":true,"showImageEffects":true,"showParticleSystems":true,"showVisualEffectGraphs":true,"m_FxEnabled":true},"in2DMode":false,"pivot":{"x":-4.487122058868408,"y":3.5374867916107179,"z":-3.6147103309631349},"rotation":{"x":-0.1333780437707901,"y":-0.021705634891986848,"z":0.002922078827396035,"w":-0.9908165335655212},"size":2.447842836380005,"orthographic":false}